field_id,yield
T00001,4262.39551781025
T00002,4271.753142272612
T00003,4248.221751199934
T00004,4248.108210258686
T00005,4278.311902907337
T00006,4234.261932357267
T00007,4264.823954661349
T00008,4285.184801545458
T00009,4254.4750429236165
T00010,4279.00847013126
T00011,4251.443847798606
T00012,4245.271129697487
T00013,4250.06892815622
T00014,4248.401039103307
T00015,4256.770952389684
T00016,4235.448392138784
T00017,4256.81090432807
T00018,4261.0759944769525
T00019,4268.238224971154
T00020,4261.911580748847
T00021,4260.386430691932
T00022,4245.758022786231
T00023,4256.748271203427
T00024,4264.2459635837085
T00025,4272.034017569433
T00026,4271.496969008444
T00027,4238.404421978302
T00028,4278.624621215471
T00029,4258.808730710719
T00030,4279.493422587012
T00031,4244.131836457835
T00032,4257.19067894828
T00033,4261.622704750934
T00034,4264.1978858645225
T00035,4259.98319784095
T00036,4246.292065960083
T00037,4229.149173675549
T00038,4238.241397740164
T00039,4270.874145494108
T00040,4238.064055349755
T00041,4246.3704899077
T00042,4271.897886532786
T00043,4261.734857985346
T00044,4273.596295449492
T00045,4248.49268271727
T00046,4249.384513664623
T00047,4252.920369244518
T00048,4253.2650792797285
T00049,4247.599345085215
T00050,4241.339595026265
T00051,4247.18325289393
T00052,4252.781484475479
T00053,4241.033975550462
T00054,4276.1338673415885
T00055,4232.069235247204
T00056,4278.843171857015
T00057,4245.7103398010395
T00058,4258.37278886578
T00059,4229.267532643977
T00060,4227.280032611807
T00061,4254.447518005173
T00062,4248.622817174473
T00063,4259.961116124518
T00064,4253.8681217607955
T00065,4266.786029414655
T00066,4241.154674245401
T00067,4264.251127984458
T00068,4254.296474527418
T00069,4247.460440925241
T00070,4264.278210101984
T00071,4241.115128582073
T00072,4248.973162714345
T00073,4263.011992278252
T00074,4265.225829184113
T00075,4274.330270155728
T00076,4269.979115734692
T00077,4273.58156839852
T00078,4265.604835040098
T00079,4257.770864507473
T00080,4258.31471408386
T00081,4245.133803014076
T00082,4234.358168723745
T00083,4261.068830390289
T00084,4257.4901128555975
T00085,4253.288760992164
T00086,4257.63189619066
T00087,4241.206579930285
T00088,4267.134810079788
T00089,4239.517902406712
T00090,4278.514127713735
T00091,4258.1780598391
T00092,4246.179624155948
T00093,4264.589047508723
T00094,4254.243382661921
T00095,4256.76311006021
T00096,4246.376148124595
T00097,4266.4092104397105
T00098,4255.42635226807
T00099,4265.929505307614
T00100,4235.489777568694
T00101,4252.628962512561
T00102,4245.576816812378
T00103,4266.1949028077015
T00104,4246.538075688273
T00105,4284.118071754612
T00106,4260.827984245472
T00107,4256.006505529811
T00108,4279.142525756671
T00109,4263.0352019952825
T00110,4242.811247649695
T00111,4246.400335538986
T00112,4256.4156244511
T00113,4250.838229082973
T00114,4261.440423002483
T00115,4275.553118073331
T00116,4254.533943755021
T00117,4242.836812251683
T00118,4249.085604479514
T00119,4267.883027611266
T00120,4265.807430523318
T00121,4284.56917018161
T00122,4269.185745387229
T00123,4262.902694768775
T00124,4244.70402969932
T00125,4246.852924377716
T00126,4262.997776528522
T00127,4253.398533517234
T00128,4246.916657801855
T00129,4249.634071542262
T00130,4273.625349722895
T00131,4271.535005277142
T00132,4231.71887490054
T00133,4259.837199102413
T00134,4272.051935570122
T00135,4279.639783963218
T00136,4267.788646667456
T00137,4264.622982284257
T00138,4238.203940037965
T00139,4259.170484255954
T00140,4249.7656098634025
T00141,4262.585258088863
T00142,4272.319943654288
T00143,4269.758356869027
T00144,4229.220261715664
T00145,4243.39430501055
T00146,4265.448160557216
T00147,4258.000828118619
T00148,4246.2635651944365
T00149,4231.5022340550895
T00150,4236.730645751851
T00151,4247.7483670809725
T00152,4265.3599900006175
T00153,4256.69490198836
T00154,4269.77438107283
T00155,4259.564482958046
T00156,4256.275337866151
T00157,4254.7487291191865
T00158,4254.017708218025
T00159,4248.068318733469
T00160,4233.424662125985
T00161,4253.811769229408
T00162,4276.589457488107
T00163,4266.040093440935
T00164,4252.295063354724
T00165,4258.881503970121
T00166,4267.44641280416
T00167,4272.2927654349205
T00168,4250.548545950762
T00169,4264.594959312763
T00170,4264.394775616579
T00171,4268.711849770853
T00172,4247.978095188423
T00173,4277.706847515392
T00174,4246.044859431894
T00175,4250.701463429646
T00176,4248.166803664497
T00177,4249.658210758593
T00178,4251.920564439452
T00179,4274.166449625586
T00180,4249.652705113965
T00181,4250.718250141314
T00182,4261.016157867107
T00183,4255.795971221702
T00184,4236.061744810706
T00185,4266.021997008262
T00186,4261.8349378451
T00187,4260.160679393177
T00188,4248.2504809211105
T00189,4267.9183923659375
T00190,4257.115981856616
T00191,4244.8335322333305
T00192,4257.581381835537
T00193,4262.931704620262
T00194,4246.308055373432
T00195,4257.471657513493
T00196,4282.566674356279
T00197,4275.684321699772
T00198,4253.271241067979
T00199,4262.219263643584
T00200,4267.67745773386
T00201,4234.317711765662
T00202,4253.549876012794
T00203,4250.665654763334
T00204,4256.635182710404
T00205,4286.272506027426
T00206,4231.545059534187
T00207,4251.498650091531
T00208,4270.823144975631
T00209,4258.058960337236
T00210,4259.225725732379
T00211,4270.754983381931
T00212,4276.769251739001
T00213,4255.302080811552
T00214,4269.933221177247
T00215,4254.917273038697
T00216,4247.86994159882
T00217,4278.874733729515
T00218,4246.27486840462
T00219,4267.599599717537
T00220,4259.798891569716
T00221,4244.2548991637805
T00222,4260.088285387284
T00223,4256.7745568751925
T00224,4265.127302226667
T00225,4275.237418566997
T00226,4262.738926429599
T00227,4279.362355990715
T00228,4241.527132008248
T00229,4249.822409591582
T00230,4251.7050983875415
T00231,4253.285752890563
T00232,4241.643599205631
T00233,4260.982552478254
T00234,4266.844570177159
T00235,4274.822088422733
T00236,4260.997950292515
T00237,4260.581931609628
T00238,4242.226811286584
T00239,4233.811930518406
T00240,4240.18191378665
T00241,4255.972090127877
T00242,4261.231372711299
T00243,4260.9951349942785
T00244,4252.625982957108
T00245,4235.423027588029
T00246,4243.794220938288
T00247,4262.450799688252
T00248,4257.521972109023
T00249,4258.930218855477
T00250,4267.500811796745
T00251,4253.953464764465
T00252,4280.439810611826
T00253,4263.05944579236
T00254,4280.938087377934
T00255,4250.278506803722
T00256,4262.653479673399
T00257,4252.288470625527
T00258,4251.1906108351095
T00259,4239.229477220155
T00260,4264.090605729635
T00261,4265.012965710768
T00262,4238.203676967086
T00263,4276.6630111176655
T00264,4248.053057094917
T00265,4257.513519833872
T00266,4264.524389545495
T00267,4255.0396316087945
T00268,4275.8168545491835
T00269,4249.903490163895
T00270,4258.668666839746
T00271,4267.293613978395
T00272,4240.734689745227
T00273,4273.904687677592
T00274,4252.378401301922
T00275,4265.194419240372
T00276,4252.063721774712
T00277,4283.945142394306
T00278,4274.7641089987965
T00279,4253.5083580023065
T00280,4264.961930045405
T00281,4248.260675035836
T00282,4240.33315956447
T00283,4242.450596285206
T00284,4259.3261135461535
T00285,4263.004111192312
T00286,4236.0838445758445
T00287,4233.922435199668
T00288,4265.187411343204
T00289,4240.828938416482
T00290,4263.106568161976
T00291,4258.3879251048465
T00292,4261.002895785062
T00293,4231.015911596063
T00294,4253.487222979537
T00295,4243.002026715492
T00296,4241.160505944514
T00297,4266.197531030405
T00298,4268.824426909561
T00299,4258.57138963059
T00300,4264.556420012184
T00301,4245.317025394249
T00302,4257.978267433684
T00303,4269.733938933624
T00304,4259.708247824516
T00305,4270.542210805759
T00306,4261.401631328033
T00307,4267.60722028978
T00308,4260.96006101897
T00309,4243.797410594446
T00310,4253.9588598405235
T00311,4270.204986856522
T00312,4239.753179480732
T00313,4237.876564429443
T00314,4269.527143888038
T00315,4252.831968440054
T00316,4235.913828103859
T00317,4241.33726572385
T00318,4242.521453575722
T00319,4258.996783259622
T00320,4262.731140632631
T00321,4253.017163329277
T00322,4266.482664211182
T00323,4251.452344755616
T00324,4249.62021993288
T00325,4279.393350226523
T00326,4265.0465098451505
T00327,4243.980757350171
T00328,4254.627579972801
T00329,4270.897259599585
T00330,4268.468979208744
T00331,4277.079399087286
T00332,4258.606154473824
T00333,4256.581259815434
T00334,4262.49108834928
T00335,4249.340473158158
T00336,4248.7420597772825
T00337,4273.251650636537
T00338,4263.9143700512805
T00339,4249.345004098316
T00340,4255.65609287577
T00341,4258.322026215723
T00342,4258.524349989498
T00343,4256.403369219055
T00344,4253.090575797661
T00345,4267.2792006216
T00346,4279.053977248598
T00347,4258.998182548455
T00348,4231.215412428403
T00349,4247.80029983496
T00350,4254.304641858334
T00351,4258.746563999399
T00352,4258.016051856062
T00353,4271.838216952439
T00354,4247.429439378325
T00355,4252.649947467876
T00356,4244.667387430552
T00357,4252.053247283754
T00358,4256.704299544511
T00359,4249.974287243289
T00360,4245.342041528813
T00361,4254.05106770118
T00362,4261.138384474005
T00363,4274.653779828521
T00364,4258.850137886323
T00365,4274.066742109318
T00366,4253.758082408212
T00367,4261.453227013458
T00368,4279.302876003537
T00369,4255.182718542715
T00370,4237.5963096654605
T00371,4256.620827521222
T00372,4268.293351687879
T00373,4239.616569017137
T00374,4260.317871112393
T00375,4263.4221455935385
T00376,4274.301805519127
T00377,4244.737534486779
T00378,4256.251335036492
T00379,4245.639647250553
T00380,4236.486986961165
T00381,4259.531919882886
T00382,4271.221054685406
T00383,4275.450872430581
T00384,4262.079053444555
T00385,4245.481920866948
T00386,4256.025152448985
T00387,4242.890748617251
T00388,4250.580377779714
T00389,4270.544975151452
T00390,4277.762170246574
T00391,4275.095547073878
T00392,4264.8458164372905
T00393,4259.199525902774
T00394,4260.8836512240605
T00395,4224.218950525115
T00396,4249.759223031507
T00397,4266.7871078672
T00398,4252.546373224998
T00399,4264.865651689176
T00400,4246.764290495211
T00401,4243.096038512439
T00402,4251.829321656551
T00403,4273.980310611514
T00404,4256.994425352368
T00405,4271.357839609511
T00406,4255.271835275042
T00407,4245.348038398519
T00408,4257.11684570554
T00409,4270.668066290091
T00410,4246.817070079507
T00411,4269.487256872723
T00412,4281.458456751448
T00413,4235.706291032288
T00414,4253.70076648328
T00415,4265.710605623647
T00416,4259.615975972287
T00417,4250.056044239537
T00418,4247.82146651571
T00419,4239.533328082983
T00420,4261.864356313697
T00421,4255.394112856675
T00422,4264.273693215413
T00423,4270.070285749248
T00424,4262.1297647594365
T00425,4257.903913005628
T00426,4259.592311842683
T00427,4239.969638813754
T00428,4248.261380841594
T00429,4269.24914451201
T00430,4255.485709355627
T00431,4247.108514047499
T00432,4250.182854176895
T00433,4236.039519426459
T00434,4247.334475627103
T00435,4254.220584291103
T00436,4252.0109100997415
T00437,4247.824886759608
T00438,4273.961451454617
T00439,4270.380986485446
T00440,4264.933161683019
T00441,4268.439113991738
T00442,4278.268210432542
T00443,4244.659317042421
T00444,4256.3149309081
T00445,4252.142217555454
T00446,4247.324825522361
T00447,4251.673914160704
T00448,4259.125904481371
T00449,4268.038506623105
T00450,4244.179666991435
T00451,4256.18997815461
T00452,4232.497202065409
T00453,4250.728033573294
T00454,4265.529314328243
T00455,4243.27563758846
T00456,4268.400294006175
T00457,4230.5259646340555
T00458,4261.801820163444
T00459,4253.897427355291
T00460,4244.354800746439
T00461,4268.247983015559
T00462,4249.49659357283
T00463,4240.017232426229
T00464,4264.54768455119
T00465,4265.00036508347
T00466,4282.868866951248
T00467,4252.697075761651
T00468,4265.363763563046
T00469,4235.8356765307035
T00470,4239.423249606485
T00471,4242.21427882757
T00472,4247.232096733937
T00473,4248.11688783189
T00474,4243.323372443104
T00475,4240.415350488874
T00476,4251.393534058365
T00477,4245.804494930372
T00478,4273.673753306989
T00479,4260.3625561391245
T00480,4274.618863686135
T00481,4259.560599272806
T00482,4263.2903971668065
T00483,4251.561217277571
T00484,4258.080777970331
T00485,4274.247823153037
T00486,4249.911406772642
T00487,4247.316734712854
T00488,4268.355494144604
T00489,4270.178600270317
T00490,4267.153049582236
T00491,4245.462258714081
T00492,4269.871166526658
T00493,4264.977460019817
T00494,4258.352394360166
T00495,4226.933557059298
T00496,4273.5226749109315
T00497,4248.991220041216
T00498,4279.119673350019
T00499,4259.1898131284925
T00500,4254.484710968489
T00501,4267.061601917368
T00502,4261.971706564554
T00503,4245.643347108692
T00504,4273.696609887486
T00505,4261.138447357935
T00506,4249.01827409758
T00507,4251.646450052166
T00508,4256.412391887445
T00509,4258.256158647911
T00510,4239.215370948665
T00511,4262.471747952736
T00512,4244.809561406771
T00513,4264.204815341777
T00514,4261.487086841997
T00515,4246.1178815818175
T00516,4250.478452825268
T00517,4250.3816132681995
T00518,4262.140360950134
T00519,4262.742332102899
T00520,4279.535964064805
T00521,4262.522464787036
T00522,4251.7867779445205
T00523,4250.14307107509
T00524,4262.040150701311
T00525,4270.940246790638
T00526,4241.073794414524
T00527,4256.38578330445
T00528,4239.699094039733
T00529,4254.4762813041825
T00530,4248.011438110965
T00531,4259.876823723528
T00532,4260.778390734533
T00533,4261.928093768432
T00534,4265.551240507939
T00535,4273.28089355138
T00536,4255.1985763776975
T00537,4259.623039454811
T00538,4234.79435570578
T00539,4260.2560938660945
T00540,4263.407239832435
T00541,4267.486741596429
T00542,4233.752894431669
T00543,4236.424583683366
T00544,4266.1133589060855
T00545,4257.772258224192
T00546,4269.378931409964
T00547,4255.0586638033765
T00548,4259.5240921760405
T00549,4263.337312848963
T00550,4256.34643804138
T00551,4254.670223470351
T00552,4262.799614950579
T00553,4260.15784273685
T00554,4262.225913822378
T00555,4260.014531119718
T00556,4248.407281739203
T00557,4249.751195619966
T00558,4252.995013046252
T00559,4236.135122745532
T00560,4234.19762516559
T00561,4259.829994319057
T00562,4246.57987104925
T00563,4254.575515090965
T00564,4253.037614926965
T00565,4259.724792021241
T00566,4258.585291753596
T00567,4261.344986136539
T00568,4271.64177053808
T00569,4271.209864534928
T00570,4252.35629493426
T00571,4263.408772565733
T00572,4274.358035606169
T00573,4258.012643223562
T00574,4254.278036331105
T00575,4268.662308800349
T00576,4271.8635467201
T00577,4253.185228635259
T00578,4276.50840691602
T00579,4263.928964884902
T00580,4253.311156899306
T00581,4241.435127567833
T00582,4258.65449555005
T00583,4252.659063200862
T00584,4273.982689370974
T00585,4264.250454904037
T00586,4263.79551579887
T00587,4255.459849599998
T00588,4264.653466814393
T00589,4251.538063004174
T00590,4249.268879849601
T00591,4247.892326772654
T00592,4257.381943600209
T00593,4249.510877425641
T00594,4253.211240735897
T00595,4260.1952888478445
T00596,4264.47689130061
T00597,4263.6717579617725
T00598,4267.188209619517
T00599,4243.127994127767
T00600,4251.75117080993
T00601,4251.790445808416
T00602,4242.179352821217
T00603,4253.845976045563
T00604,4247.96985982104
T00605,4243.198527173225
T00606,4270.067319097275
T00607,4248.55852651459
T00608,4253.316007873198
T00609,4238.610365052921
T00610,4252.052520484906
T00611,4237.94928835643
T00612,4252.2081520009915
T00613,4259.118938545763
T00614,4267.871204800784
T00615,4274.629675590141
T00616,4256.797276209369
T00617,4247.710535248282
T00618,4256.720465598693
T00619,4252.396590163343
T00620,4251.66099042307
T00621,4274.736262057072
T00622,4251.786355136969
T00623,4267.113120696344
T00624,4261.442198371238
T00625,4250.120639393242
T00626,4269.715272588331
T00627,4238.985701792661
T00628,4264.051232815367
T00629,4244.959491630836
T00630,4239.061295306859
T00631,4262.17773769234
T00632,4268.034059824915
T00633,4244.929892042319
T00634,4255.974157466173
T00635,4266.522605129169
T00636,4245.130764167308
T00637,4257.087161308653
T00638,4259.3508732578075
T00639,4255.178521525746
T00640,4252.353970429291
T00641,4248.680898737131
T00642,4247.044696700034
T00643,4260.778779901336
T00644,4258.388881564426
T00645,4251.088507033646
T00646,4242.656194046087
T00647,4251.524561193889
T00648,4240.101663515485
T00649,4253.14257788387
T00650,4260.558287748405
T00651,4270.6101657244235
T00652,4254.761951617274
T00653,4262.980363330423
T00654,4269.631548146341
T00655,4273.731010593358
T00656,4268.553648106388
T00657,4265.455887197778
T00658,4254.623124750464
T00659,4279.829062918849
T00660,4263.774928288249
T00661,4244.813749522984
T00662,4265.220187448505
T00663,4271.664421770347
T00664,4250.207338221897
T00665,4232.755040037937
T00666,4256.3715098984985
T00667,4270.622888474923
T00668,4245.092780049399
T00669,4252.467953603742
T00670,4258.637479807312
T00671,4262.836773219185
T00672,4253.941205601952
T00673,4250.474542670987
T00674,4265.8668253491105
T00675,4256.158910992364
T00676,4255.44533490779
T00677,4243.5568342283395
T00678,4242.419150307533
T00679,4241.353195864701
T00680,4261.66985612102
T00681,4249.322155236832
T00682,4262.597116306556
T00683,4251.508804225317
T00684,4259.356573386509
T00685,4246.675614840356
T00686,4279.528239738663
T00687,4255.586484749817
T00688,4263.577470209336
T00689,4244.6289734074635
T00690,4271.832608497997
T00691,4249.501024641916
T00692,4276.808406793415
T00693,4248.386521375894
T00694,4239.243184679465
T00695,4261.674691332905
T00696,4255.349254264929
T00697,4237.665799642801
T00698,4269.204903306443
T00699,4246.471924938604
T00700,4259.771049089367
T00701,4247.596151384876
T00702,4250.78145930068
T00703,4248.369971821156
T00704,4248.262703645007
T00705,4239.809427882452
T00706,4245.632442216917
T00707,4252.444637762531
T00708,4271.085421279431
T00709,4253.933585903634
T00710,4236.561664197967
T00711,4271.795207163645
T00712,4269.848166345384
T00713,4266.708121915909
T00714,4246.304568985491
T00715,4254.848527239807
T00716,4271.405164609025
T00717,4280.74802725269
T00718,4247.926376177822
T00719,4244.540879604705
T00720,4253.246151434162
T00721,4259.664831924833
T00722,4266.344843919421
T00723,4238.942412034071
T00724,4267.210865929735
T00725,4259.712372700873
T00726,4269.266610110197
T00727,4254.184372350125
T00728,4269.223749882458
T00729,4247.736831348771
T00730,4239.3257926806145
T00731,4267.513326204674
T00732,4272.881487431837
T00733,4228.165424148588
T00734,4263.566808548513
T00735,4258.902628499214
T00736,4256.911060834999
T00737,4240.676424832838
T00738,4272.48914046604
T00739,4260.663921789828
T00740,4250.811178066133
T00741,4256.3104101996505
T00742,4283.258328798341
T00743,4265.229261351583
T00744,4231.875369573496
T00745,4244.928331243436
T00746,4256.960094078775
T00747,4260.608812045775
T00748,4263.2508731414155
T00749,4243.460311197623
T00750,4265.5525570690415
T00751,4243.89820351488
T00752,4270.623261999177
T00753,4260.888294557561
T00754,4261.737201086428
T00755,4260.934695457233
T00756,4241.925072647778
T00757,4256.765446780252
T00758,4246.937376194874
T00759,4245.5111437792
T00760,4260.809425841159
T00761,4251.787316575286
T00762,4260.606199444927
T00763,4266.181723446565
T00764,4267.418474801966
T00765,4251.135310473875
T00766,4250.578038758367
T00767,4238.2407488140725
T00768,4268.918877520116
T00769,4235.70909533651
T00770,4265.996055770557
T00771,4261.5312207002435
T00772,4261.567925724677
T00773,4257.522940807496
T00774,4256.158263863697
T00775,4265.788103424737
T00776,4250.602314255285
T00777,4256.3010892778675
T00778,4261.655711011001
T00779,4236.930074273014
T00780,4259.057741785342
T00781,4270.483092489083
T00782,4263.913997347671
T00783,4264.886652590609
T00784,4250.9163153008385
T00785,4243.267864362247
T00786,4238.345239204023
T00787,4239.501025134556
T00788,4241.781836371502
T00789,4241.504772858572
T00790,4267.357418288798
T00791,4250.211862447947
T00792,4255.550402926469
T00793,4266.186567957343
T00794,4270.3392940777285
T00795,4245.564635922571
T00796,4261.873958733403
T00797,4244.554502546105
T00798,4266.529398470053
T00799,4283.464521097283
T00800,4255.854863219946
T00801,4270.812358359045
T00802,4276.777412340468
T00803,4270.495161057669
T00804,4265.988288045693
T00805,4263.072977780479
T00806,4254.1010115241
T00807,4263.46197401123
T00808,4252.027240491605
T00809,4264.880274904641
T00810,4244.524064181487
T00811,4260.94421893939
T00812,4275.503475764247
T00813,4274.332902028168
T00814,4242.5681458387
T00815,4249.4672667656105
T00816,4253.514609128714
T00817,4254.682113948104
T00818,4244.938004566574
T00819,4245.036778235227
T00820,4238.6009012611
T00821,4249.775798820721
T00822,4258.119941863883
T00823,4237.541610679228
T00824,4253.2940066448145
T00825,4261.057105290024
T00826,4250.9252354594355
T00827,4254.986874339646
T00828,4251.7630111191975
T00829,4259.325441253429
T00830,4251.6372352906465
T00831,4240.995930574635
T00832,4267.398831599025
T00833,4239.84692423589
T00834,4233.099649604687
T00835,4246.77606289957
T00836,4274.954084737226
T00837,4278.287139795013
T00838,4241.105112301136
T00839,4258.567160085053
T00840,4236.83957764233
T00841,4233.54354296713
T00842,4263.3698387169925
T00843,4273.362251521791
T00844,4284.463546442366
T00845,4239.265846076264
T00846,4263.43225095791
T00847,4261.281070299586
T00848,4259.39835798837
T00849,4247.16675701038
T00850,4282.917863607654
T00851,4264.755848717333
T00852,4252.095191990454
T00853,4231.089794992658
T00854,4248.012772162072
T00855,4252.213322142151
T00856,4259.7934608397
T00857,4241.175520439427
T00858,4264.756471285978
T00859,4250.96580827324
T00860,4245.573012446357
T00861,4258.8532045627935
T00862,4228.106870743884
T00863,4258.786619881917
T00864,4267.760946525115
T00865,4262.069631441463
T00866,4259.7111158634325
T00867,4255.371681032586
T00868,4273.9210883518035
T00869,4257.373704254993
T00870,4246.4911399264465
T00871,4266.828493514493
T00872,4260.992328342238
T00873,4245.586447844556
T00874,4263.971314170231
T00875,4236.597345644385
T00876,4264.031073666894
T00877,4268.550864925194
T00878,4271.912128694682
T00879,4248.341300886221
T00880,4240.334555221251
T00881,4241.808439217372
T00882,4274.016282920205
T00883,4242.463218626014
T00884,4259.20191866558
T00885,4255.152685190747
T00886,4240.166181906944
T00887,4264.712472726658
T00888,4253.642345910785
T00889,4280.675827328278
T00890,4246.798521335127
T00891,4274.626689835676
T00892,4254.894409244449
T00893,4259.204162881489
T00894,4254.065991854452
T00895,4245.438410832192
T00896,4260.719851475489
T00897,4261.815462300456
T00898,4276.6205267774785
T00899,4264.642100311353
T00900,4256.644258392709
T00901,4251.4183692677125
T00902,4266.797248642947
T00903,4276.009353181727
T00904,4252.53525191668
T00905,4251.060667598431
T00906,4280.379525218845
T00907,4256.0414421977575
T00908,4236.606694000672
T00909,4256.381694306726
T00910,4252.447546847932
T00911,4265.689045567989
T00912,4248.280285052625
T00913,4255.706304497948
T00914,4260.671388216874
T00915,4256.798599676504
T00916,4255.811285978397
T00917,4266.543618730478
T00918,4252.8788550533
T00919,4251.90163358516
T00920,4244.588344773649
T00921,4240.878050715182
T00922,4266.603343291152
T00923,4266.015847442134
T00924,4239.0156972708155
T00925,4264.342513661335
T00926,4256.0924594907
T00927,4256.866871398774
T00928,4262.855468714773
T00929,4239.571490682166
T00930,4245.648399077855
T00931,4257.170754533981
T00932,4257.877590922084
T00933,4246.6601197600285
T00934,4280.347623699395
T00935,4245.337359272831
T00936,4269.072303964225
T00937,4258.261622416583
T00938,4250.774992417836
T00939,4253.179048010669
T00940,4248.465692766329
T00941,4241.220091402931
T00942,4244.132296640017
T00943,4247.277445877092
T00944,4263.473735639745
T00945,4242.9982160797235
T00946,4230.351413936854
T00947,4259.945904839118
T00948,4265.000684116285
T00949,4255.296221561382
T00950,4259.300167774548
T00951,4241.435674060199
T00952,4256.417239700376
T00953,4265.645192752755
T00954,4260.650102666924
T00955,4256.6768699591685
T00956,4252.411597321607
T00957,4250.156334244077
T00958,4244.816683212818
T00959,4243.1937954824025
T00960,4256.275235967778
T00961,4247.989199016577
T00962,4263.756845960835
T00963,4244.380814935853
T00964,4250.96873233782
T00965,4262.456206853154
T00966,4256.0040571664895
T00967,4237.863551224556
T00968,4248.249476126247
T00969,4256.362185131988
T00970,4248.368583661148
T00971,4268.010895966888
T00972,4243.92807847659
T00973,4282.464700230043
T00974,4249.852833972668
T00975,4245.210406061381
T00976,4264.507660358001
T00977,4253.768480479779
T00978,4257.7439381369695
T00979,4245.597659951564
T00980,4272.805765062012
T00981,4258.952972897033
T00982,4265.669553798554
T00983,4230.9396464540805
T00984,4254.956686610012
T00985,4252.24821437326
T00986,4279.025693963503
T00987,4252.780900104295
T00988,4251.062254537318
T00989,4273.518396971141
T00990,4284.598411823914
T00991,4241.753163536911
T00992,4253.079165290947
T00993,4253.698532375167
T00994,4270.48444109698
T00995,4233.388424530652
T00996,4241.240087325893
T00997,4247.897594448132
T00998,4248.694342898673
T00999,4248.664513965625
T01000,4248.700539389135
T01001,4267.65532914061
T01002,4267.968979683708
T01003,4243.71474921424
T01004,4245.441118670977
T01005,4260.23622875279
T01006,4272.193867244547
T01007,4257.599848031694
T01008,4281.470037171366
T01009,4268.473827679746
T01010,4271.345630228616
T01011,4256.452683366395
T01012,4251.239651787207
T01013,4261.8428655296
T01014,4250.247454947629
T01015,4258.088382174441
T01016,4243.74984733876
T01017,4272.670861482915
T01018,4264.641240228075
T01019,4258.448831329587
T01020,4258.768224982515
T01021,4252.246706147838
T01022,4238.934093979536
T01023,4233.960465918914
T01024,4254.97147351677
T01025,4254.386543506346
T01026,4260.47713737925
T01027,4270.7027501750445
T01028,4255.036920072155
T01029,4250.915907904925
T01030,4276.158521466965
T01031,4256.933706941231
T01032,4269.478223471256
T01033,4260.972038898262
T01034,4248.447478714007
T01035,4262.526149178449
T01036,4251.258770433313
T01037,4260.127693769616
T01038,4253.235929308059
T01039,4234.03282650119
T01040,4243.839991780831
T01041,4241.466455986355
T01042,4256.0183299074
T01043,4259.250861964428
T01044,4252.467681048853
T01045,4242.895901964352
T01046,4267.469588182863
T01047,4247.573824970026
T01048,4266.847445369344
T01049,4273.693929910191
T01050,4260.523644402686
T01051,4250.993526138601
T01052,4236.149916018397
T01053,4245.20468982801
T01054,4256.735156699159
T01055,4270.149135230502
T01056,4254.002521249397
T01057,4251.365587909202
T01058,4256.919910237865
T01059,4254.64681663521
T01060,4241.025572114973
T01061,4256.447160040913
T01062,4239.491610891453
T01063,4248.333564839771
T01064,4243.646739271393
T01065,4273.199952405293
T01066,4265.726444221972
T01067,4251.917139053111
T01068,4241.079185105408
T01069,4265.208464739374
T01070,4256.976618901249
T01071,4250.745767220295
T01072,4237.37327874659
T01073,4238.5271890185095
T01074,4257.343310031717
T01075,4242.022398456654
T01076,4264.468230565872
T01077,4264.343613526598
T01078,4250.132427377847
T01079,4253.525059263952
T01080,4246.184763387154
T01081,4270.727865116495
T01082,4244.0026245477575
T01083,4259.9780995023
T01084,4252.371423678983
T01085,4265.780052605509
T01086,4266.891105473919
T01087,4248.4314480050925
T01088,4260.5217156055605
T01089,4266.467496601292
T01090,4261.034088631732
T01091,4289.223238062173
T01092,4248.527367544922
T01093,4234.413376883898
T01094,4279.944982827885
T01095,4250.666653960954
T01096,4261.837275273823
T01097,4237.021571441611
T01098,4269.687166760476
T01099,4263.053072957901
T01100,4259.902214741591
T01101,4263.416136481913
T01102,4254.844502931155
T01103,4250.58648461847
T01104,4249.848869492943
T01105,4279.592079110623
T01106,4281.4047239934525
T01107,4269.900061503516
T01108,4276.749768728915
T01109,4239.347360298118
T01110,4247.498279653477
T01111,4241.293658870764
T01112,4237.2695167542715
T01113,4245.195555185147
T01114,4270.788979955458
T01115,4245.417360622415
T01116,4250.934679043993
T01117,4233.648811482411
T01118,4274.483505251311
T01119,4234.9385592436465
T01120,4248.983888710125
T01121,4239.4867704226945
T01122,4273.414798424755
T01123,4259.4244811332455
T01124,4256.888161334138
T01125,4252.31390668393
T01126,4265.44229396102
T01127,4253.783063731204
T01128,4258.006341306188
T01129,4264.0875683350305
T01130,4227.820792748257
T01131,4254.357241558275
T01132,4271.122409942966
T01133,4263.917293749342
T01134,4274.756816559284
T01135,4245.854554906283
T01136,4239.703441104753
T01137,4256.6204319314475
T01138,4245.119539677189
T01139,4259.5805374910515
T01140,4250.229389679619
T01141,4260.711699714471
T01142,4270.747306357266
T01143,4257.996793440523
T01144,4249.910388412627
T01145,4250.880593707295
T01146,4240.63051518846
T01147,4253.187252560884
T01148,4271.894461167115
T01149,4252.631129673497
T01150,4254.81812682102
T01151,4249.719880226491
T01152,4263.794546700444
T01153,4241.812864366753
T01154,4235.536066058641
T01155,4253.088833547022
T01156,4255.344885824664
T01157,4262.350864556208
T01158,4250.235250171643
T01159,4274.689815101087
T01160,4262.547336920054
T01161,4251.333582362392
T01162,4260.211146848167
T01163,4246.459769877919
T01164,4259.174509254309
T01165,4253.976970054998
T01166,4255.315215274477
T01167,4259.7942124164
T01168,4251.700824882991
T01169,4248.466651137232
T01170,4262.46644054391
T01171,4260.059297036368
T01172,4245.131056813288
T01173,4264.660091879587
T01174,4264.153636430576
T01175,4272.0180259170165
T01176,4253.228811595096
T01177,4231.692282699251
T01178,4245.234429151778
T01179,4257.82905853188
T01180,4253.976955559259
T01181,4275.601980845772
T01182,4249.392756845724
T01183,4245.052992138411
T01184,4239.73761295144
T01185,4251.573045752989
T01186,4260.224690197227
T01187,4253.1633346392855
T01188,4252.078413447334
T01189,4255.977564571217
T01190,4261.433344368368
T01191,4255.266121555311
T01192,4248.220452813877
T01193,4249.272472138189
T01194,4248.653229093593
T01195,4258.10140283029
T01196,4263.578092426976
T01197,4267.042670979971
T01198,4250.4205285545295
T01199,4240.970577198204
T01200,4232.936200030224
T01201,4272.976622302064
T01202,4253.570415731609
T01203,4234.307861088083
T01204,4277.66961526771
T01205,4240.743988142952
T01206,4277.378753834031
T01207,4248.614993656453
T01208,4262.894581751853
T01209,4255.503935877918
T01210,4262.441806136964
T01211,4239.400881610116
T01212,4263.41162386095
T01213,4271.650844519288
T01214,4260.335831010227
T01215,4270.767290846878
T01216,4238.53114142671
T01217,4244.89640339176
T01218,4249.354906931832
T01219,4254.0763176075925
T01220,4260.92245237535
T01221,4254.61179735066
T01222,4260.9318855828415
T01223,4277.5642546056715
T01224,4251.236599904298
T01225,4242.087005620058
T01226,4243.927227074489
T01227,4233.390994084759
T01228,4264.721652015486
T01229,4246.832687253546
T01230,4258.693201604173
T01231,4271.2388272950175
T01232,4258.980627368272
T01233,4256.5870603119665
T01234,4257.330573374592
T01235,4255.965187359986
T01236,4271.139527555583
T01237,4244.639789322306
T01238,4241.000055619959
T01239,4264.922673295648
T01240,4268.346551774261
T01241,4244.692952161394
T01242,4250.539902253941
T01243,4281.9729781544165
T01244,4263.952303146079
T01245,4272.659894633618
T01246,4273.2817720745925
T01247,4239.28271176867
T01248,4251.247633523401
T01249,4268.568627369396
T01250,4260.001071387318
T01251,4237.974127545897
T01252,4237.695213407378
T01253,4262.211167739967
T01254,4245.7182469409045
T01255,4254.867964029497
T01256,4251.984798049139
T01257,4275.659051275201
T01258,4267.020746325456
T01259,4242.785599439166
T01260,4258.790119492787
T01261,4252.923564300249
T01262,4255.924820094732
T01263,4252.731048959341
T01264,4282.467758935727
T01265,4240.294282315595
T01266,4261.836947876798
T01267,4260.222459259593
T01268,4262.880927775954
T01269,4243.710079032384
T01270,4271.060344489671
T01271,4270.70152723334
T01272,4249.435054254135
T01273,4261.473971684803
T01274,4267.2286578729
T01275,4263.010365299431
T01276,4239.322569327869
T01277,4258.826738469877
T01278,4278.950594651641
T01279,4252.758455846851
T01280,4248.555635136483
T01281,4240.689197835526
T01282,4268.113810797658
T01283,4276.661205830263
T01284,4240.498346216855
T01285,4258.521281860965
T01286,4253.4159285540845
T01287,4250.357814817849
T01288,4253.911303989413
T01289,4235.386687592324
T01290,4247.5050780045
T01291,4250.459251449661
T01292,4282.182783429657
T01293,4277.5094581094645
T01294,4253.393718739737
T01295,4263.876345962594
T01296,4241.615105585799
T01297,4251.974289549075
T01298,4256.919633663129
T01299,4265.903927263204
T01300,4250.813467034595
T01301,4253.4557373040925
T01302,4259.598191079293
T01303,4253.486371193516
T01304,4243.623421933807
T01305,4264.581673990513
T01306,4257.307789596759
T01307,4236.133094297697
T01308,4266.295958606205
T01309,4248.483962609591
T01310,4266.762164283905
T01311,4233.348337974056
T01312,4253.335600685553
T01313,4255.983912487987
T01314,4269.062172160942
T01315,4274.553427784421
T01316,4253.6651018098855
T01317,4281.964368484904
T01318,4245.46896494853
T01319,4269.497014817064
T01320,4251.012445526041
T01321,4260.455122556251
T01322,4242.621534321516
T01323,4259.048062158242
T01324,4234.321192357216
T01325,4264.893571734127
T01326,4270.76983604947
T01327,4273.493088464177
T01328,4248.359043250977
T01329,4262.918719026977
T01330,4263.559763746945
T01331,4270.686686010749
T01332,4251.72464072411
T01333,4247.42370838707
T01334,4267.346702553125
T01335,4273.577883188885
T01336,4254.819182000219
T01337,4260.664227792095
T01338,4275.110294973981
T01339,4238.090699145283
T01340,4266.084986866385
T01341,4235.316393168249
T01342,4248.171112449295
T01343,4258.710952485746
T01344,4248.6333996404155
T01345,4264.630342445669
T01346,4251.390933900808
T01347,4266.908141172533
T01348,4268.68808471115
T01349,4245.832224872712
T01350,4241.816102132276
T01351,4257.186242657338
T01352,4267.610827835924
T01353,4257.086231749982
T01354,4250.06393975598
T01355,4264.382742868665
T01356,4252.356751934769
T01357,4259.5043988467805
T01358,4231.411507549485
T01359,4258.206225837277
T01360,4239.144137511726
T01361,4264.235637483297
T01362,4246.081991108421
T01363,4264.53738911182
T01364,4233.633891341542
T01365,4266.311070941145
T01366,4265.406935390798
T01367,4259.170141755064
T01368,4259.624395900972
T01369,4263.298661781329
T01370,4257.765200589687
T01371,4258.326268024634
T01372,4263.959200352207
T01373,4272.729613432923
T01374,4253.893249655216
T01375,4256.208483647299
T01376,4267.462949176697
T01377,4249.341860923467
T01378,4271.652704953041
T01379,4253.865649694773
T01380,4288.541618623834
T01381,4248.58932721674
T01382,4254.711953329332
T01383,4260.880279884784
T01384,4252.641852682037
T01385,4243.7656588056125
T01386,4268.023662901289
T01387,4271.467362273373
T01388,4231.532198990173
T01389,4271.136197615581
T01390,4240.112596277759
T01391,4263.4945173581655
T01392,4257.69671938265
T01393,4249.107678888078
T01394,4243.407503263986
T01395,4265.858703401534
T01396,4258.796951313699
T01397,4278.468046328196
T01398,4241.3436124354575
T01399,4244.581723602614
T01400,4263.228156382439
T01401,4267.440587266415
T01402,4232.311695434152
T01403,4235.08807497736
T01404,4258.71851520556
T01405,4250.5967253624995
T01406,4248.361174826211
T01407,4246.766540268645
T01408,4249.981039862578
T01409,4268.659004126045
T01410,4242.517960544287
T01411,4266.829915452426
T01412,4265.866308231365
T01413,4255.289180268177
T01414,4236.6676264850785
T01415,4270.896363727135
T01416,4262.540596205644
T01417,4250.269840113132
T01418,4266.486263285672
T01419,4270.360859900791
T01420,4246.495578135943
T01421,4270.274598530768
T01422,4263.030183680667
T01423,4253.606309706485
T01424,4262.505512644171
T01425,4249.644258337818
T01426,4264.578879468688
T01427,4258.575549007654
T01428,4264.4433104478285
T01429,4244.016615279329
T01430,4249.674313577498
T01431,4250.509667069582
T01432,4253.015038711321
T01433,4253.831724881736
T01434,4276.984999726546
T01435,4258.8766494898655
T01436,4240.655159028499
T01437,4258.998657397528
T01438,4247.475107756303
T01439,4259.637885419032
T01440,4257.989547462597
T01441,4254.688496180692
T01442,4263.4812192272175
T01443,4285.324047977722
T01444,4265.255871849954
T01445,4264.013392159532
T01446,4257.242832974418
T01447,4250.821902201467
T01448,4264.340054160279
T01449,4263.110101723723
T01450,4260.318823292639
T01451,4244.344288786679
T01452,4249.809690855968
T01453,4270.592837014865
T01454,4257.493308461964
T01455,4236.6283791947835
T01456,4249.492594066519
T01457,4254.23144006707
T01458,4265.0213044445645
T01459,4249.1633891955735
T01460,4268.591705296735
T01461,4255.281924489429
T01462,4265.852520670436
T01463,4256.871470395252
T01464,4264.84816492157
T01465,4259.850322706743
T01466,4254.083150159206
T01467,4261.832043605651
T01468,4247.888668003097
T01469,4245.306966311262
T01470,4247.930527913022
T01471,4256.153439059011
T01472,4261.138959765572
T01473,4245.350341723471
T01474,4252.341699633215
T01475,4274.886323470448
T01476,4254.820851407055
T01477,4258.386677737992
T01478,4268.264165154735
T01479,4236.224191502607
T01480,4272.355855883412
T01481,4254.70935695206
T01482,4260.307615399752
T01483,4265.381914213085
T01484,4259.671442316636
T01485,4253.182918349393
T01486,4239.7000531911945
T01487,4268.509677764845
T01488,4237.020247823622
T01489,4262.167497561322
T01490,4256.116353487636
T01491,4260.539904781275
T01492,4264.122505574041
T01493,4257.101141948679
T01494,4262.044852031793
T01495,4235.93852726479
T01496,4278.195804483113
T01497,4269.530718937051
T01498,4250.393104063794
T01499,4269.983380682427
T01500,4258.020359454111
T01501,4254.30503789644
T01502,4260.84144090189
T01503,4273.964884117049
T01504,4270.617743611953
T01505,4266.433509364275
T01506,4245.520178450441
T01507,4260.570505793751
T01508,4254.772528672526
T01509,4264.59889658292
T01510,4239.3595347686505
T01511,4259.2170275250965
T01512,4228.168045934577
T01513,4259.991469665694
T01514,4258.173250768951
T01515,4245.911015205795
T01516,4245.921926044344
T01517,4249.51903162898
T01518,4251.497561887234
T01519,4234.568858152293
T01520,4278.685128721121
T01521,4263.696795223714
T01522,4252.832624117751
T01523,4255.737931880274
T01524,4243.627614345452
T01525,4248.222269338126
T01526,4253.581265002362
T01527,4243.9196422160985
T01528,4265.477163141797
T01529,4243.705013691257
T01530,4277.748370509174
T01531,4254.919957580288
T01532,4272.319763701118
T01533,4275.635472897434
T01534,4235.56184778116
T01535,4249.342547953444
T01536,4249.418761254693
T01537,4251.479570309892
T01538,4253.519734968351
T01539,4241.822391414035
T01540,4261.723900550545
T01541,4266.799081855134
T01542,4269.333174953285
T01543,4245.070279280747
T01544,4234.543982211582
T01545,4272.990775674984
T01546,4271.760333852263
T01547,4249.279794368855
T01548,4263.31381922761
T01549,4240.110207586239
T01550,4251.224316039993
T01551,4244.086864092153
T01552,4249.370181960023
T01553,4253.832967841095
T01554,4264.0886324396215
T01555,4247.040215658299
T01556,4247.403293757261
T01557,4257.364591164867
T01558,4253.03794833739
T01559,4268.924264526082
T01560,4258.6470588566735
T01561,4254.908939052705
T01562,4252.737101880982
T01563,4263.940772467453
T01564,4237.613996009294
T01565,4260.690091422803
T01566,4238.782340005038
T01567,4244.953187052266
T01568,4273.312232396535
T01569,4250.184955513017
T01570,4262.160119461329
T01571,4253.5276720347
T01572,4259.965783293156
T01573,4269.759517488552
T01574,4258.033718523359
T01575,4279.890571698489
T01576,4249.710069713999
T01577,4246.111201704109
T01578,4237.422973215557
T01579,4234.156854011928
T01580,4265.537534547747
T01581,4263.2611276683665
T01582,4249.659101846771
T01583,4257.297239653771
T01584,4261.370471333382
T01585,4264.359399481946
T01586,4246.571938585679
T01587,4246.437508306187
T01588,4236.393017605583
T01589,4250.926019036427
T01590,4280.9635879030575
T01591,4265.445705068376
T01592,4244.955997979629
T01593,4237.727337581085
T01594,4240.469818002747
T01595,4269.762746029368
T01596,4237.898812216072
T01597,4255.211065667611
T01598,4273.2582015573
T01599,4221.737761942619
T01600,4265.008134062226
T01601,4249.878696125423
T01602,4260.712384146279
T01603,4254.769326518777
T01604,4251.892427718405
T01605,4260.041109122022
T01606,4237.189821164917
T01607,4258.83180304677
T01608,4247.875491643907
T01609,4260.053857289315
T01610,4272.319268447998
T01611,4259.498107209056
T01612,4263.30498005333
T01613,4239.322645146364
T01614,4255.428740717877
T01615,4265.860697994055
T01616,4245.528821355299
T01617,4256.450197399163
T01618,4267.357415612902
T01619,4237.309175903748
T01620,4256.204877887753
T01621,4253.471169320845
T01622,4256.697476309525
T01623,4278.266439044348
T01624,4254.6984861383935
T01625,4247.101593045047
T01626,4262.705659955809
T01627,4247.260450197972
T01628,4253.936074766872
T01629,4254.806570549377
T01630,4248.152049356486
T01631,4240.414144883335
T01632,4258.287346505599
T01633,4263.555582364748
T01634,4240.563999160261
T01635,4248.079337918351
T01636,4270.9271414835675
T01637,4254.6640759465845
T01638,4238.178977258036
T01639,4280.322432085316
T01640,4289.572249139285
T01641,4256.312259803284
T01642,4269.107224883921
T01643,4270.230957059129
T01644,4265.539396347737
T01645,4253.979931653061
T01646,4266.541976541107
T01647,4259.673277291774
T01648,4253.163037029293
T01649,4252.146555074077
T01650,4266.479157677199
T01651,4248.003238429841
T01652,4251.5776974217715
T01653,4273.830524312667
T01654,4256.122351322316
T01655,4253.5731019382465
T01656,4251.085156919907
T01657,4239.111291160048
T01658,4245.700467579333
T01659,4240.397369867112
T01660,4256.674734027071
T01661,4264.428294069746
T01662,4271.224512285898
T01663,4249.421134071724
T01664,4247.345471291186
T01665,4268.754150567318
T01666,4256.649636544091
T01667,4247.290397768738
T01668,4257.687084276164
T01669,4243.371435465307
T01670,4256.530088925145
T01671,4240.637452043919
T01672,4249.409620244938
T01673,4237.203290436721
T01674,4267.483522613701
T01675,4255.184937898241
T01676,4248.558977394525
T01677,4240.334271438882
T01678,4254.1110215165345
T01679,4276.395374229047
T01680,4267.946811063827
T01681,4251.208053800184
T01682,4265.59658851393
T01683,4247.887394870926
T01684,4245.877948808231
T01685,4256.596608016936
T01686,4254.693240130828
T01687,4259.65694376651
T01688,4257.801830050681
T01689,4254.162640241376
T01690,4252.262137868387
T01691,4277.7831153110965
T01692,4256.314283307655
T01693,4250.5199778316
T01694,4257.629036760206
T01695,4226.287880581987
T01696,4251.647521380613
T01697,4260.233899981656
T01698,4238.211197714065
T01699,4268.708290269246
T01700,4255.680430170166
T01701,4256.625561558322
T01702,4246.123222686584
T01703,4255.837795203567
T01704,4270.230074690398
T01705,4258.296906469748
T01706,4272.537320248748
T01707,4256.147775146676
T01708,4242.922560565862
T01709,4259.436464796812
T01710,4250.411771796274
T01711,4276.411364012022
T01712,4259.9534774352705
T01713,4263.360654028779
T01714,4261.982294759426
T01715,4276.186092856118
T01716,4251.434869880602
T01717,4252.555424454911
T01718,4243.685246749209
T01719,4271.751729153006
T01720,4245.3564319702045
T01721,4262.784385032352
T01722,4234.315339274496
T01723,4282.304391411355
T01724,4249.234958166639
T01725,4251.142711554621
T01726,4247.245040048481
T01727,4260.613513588107
T01728,4269.679422412858
T01729,4263.557221106013
T01730,4248.32917606848
T01731,4234.92901695405
T01732,4265.831722259065
T01733,4254.028982275718
T01734,4242.26303448709
T01735,4263.849828593157
T01736,4268.145064141417
T01737,4234.502714339896
T01738,4267.8450782381315
T01739,4244.784175226155
T01740,4258.789223295487
T01741,4246.645302857156
T01742,4270.124186451638
T01743,4241.013848065747
T01744,4250.115217123762
T01745,4252.002118944835
T01746,4241.447019157157
T01747,4254.337088674108
T01748,4250.3576971442
T01749,4266.225949132349
T01750,4261.709562294885
T01751,4265.29710578001
T01752,4243.262242653996
T01753,4263.7732627583255
T01754,4237.679010133878
T01755,4267.144106346986
T01756,4247.281444379414
T01757,4262.463380925142
T01758,4252.0588078878245
T01759,4243.071989480853
T01760,4281.6963843838685
T01761,4246.723743428997
T01762,4267.9073580576305
T01763,4246.2110965019465
T01764,4266.044138976838
T01765,4248.102397119118
T01766,4253.989065406995
T01767,4257.421951476235
T01768,4271.5190092756
T01769,4259.660696988808
T01770,4245.198791784541
T01771,4263.9190632103155
T01772,4262.702921635086
T01773,4266.249672911862
T01774,4273.4941492268545
T01775,4255.86085882279
T01776,4279.895925970059
T01777,4266.9374803196515
T01778,4253.669144945211
T01779,4253.681928292415
T01780,4270.3735349355065
T01781,4250.442880710642
T01782,4280.431624039297
T01783,4234.354042523624
T01784,4284.804138243115
T01785,4252.539392078188
T01786,4239.439411897786
T01787,4270.7117676605285
T01788,4244.595714868997
T01789,4264.202515837234
T01790,4253.097663596221
T01791,4245.063348537822
T01792,4267.034922285694
T01793,4249.622332839781
T01794,4247.262861450101
T01795,4251.016622010649
T01796,4251.640021680364
T01797,4254.950724198513
T01798,4254.143821105307
T01799,4255.9663008335765
T01800,4260.230750632438
T01801,4273.096785466997
T01802,4266.376632063427
T01803,4257.2433481378675
T01804,4246.237569853599
T01805,4277.454659460738
T01806,4275.00884739321
T01807,4261.904043370312
T01808,4237.261840236208
T01809,4251.214270802007
T01810,4278.193638239865
T01811,4257.118361499537
T01812,4257.491216090172
T01813,4252.867079733667
T01814,4267.567560890797
T01815,4262.590824195612
T01816,4267.293030245481
T01817,4271.103035993607
T01818,4248.026549486424
T01819,4249.740268963493
T01820,4252.893086146976
T01821,4264.287963929457
T01822,4246.070731120234
T01823,4250.15301723224
T01824,4249.124699373923
T01825,4260.613434453171
T01826,4246.966650878426
T01827,4236.800710423649
T01828,4261.930085661557
T01829,4258.300135282663
T01830,4263.23757444555
T01831,4254.615371068513
T01832,4257.560681649528
T01833,4253.9336441504065
T01834,4246.7749501976805
T01835,4257.529687241746
T01836,4266.625817309159
T01837,4250.15295711782
T01838,4242.01047711723
T01839,4263.485430897453
T01840,4251.141461932019
T01841,4251.903229352945
T01842,4267.41484084636
T01843,4266.925921126784
T01844,4269.458390042629
T01845,4246.570189742407
T01846,4246.586957296305
T01847,4243.782803930679
T01848,4267.3973412821515
T01849,4280.204345609956
T01850,4268.380666045689
T01851,4254.744953834898
T01852,4240.734517320598
T01853,4245.759023743882
T01854,4253.830179148852
T01855,4262.705196381395
T01856,4258.970368364089
T01857,4265.628180415419
T01858,4259.825900337793
T01859,4272.979287273039
T01860,4278.12066174873
T01861,4281.986595362194
T01862,4270.200197399429
T01863,4285.005386354847
T01864,4262.076039460981
T01865,4255.557374373016
T01866,4238.363516350714
T01867,4269.518694764785
T01868,4263.343095650593
T01869,4247.358797699699
T01870,4271.161513353666
T01871,4259.20682227943
T01872,4278.873376559115
T01873,4237.267138604798
T01874,4242.289716221735
T01875,4267.566421235495
T01876,4253.8023875945955
T01877,4238.62126729046
T01878,4274.2064877789135
T01879,4251.956421235984
T01880,4266.860471458093
T01881,4273.273752884977
T01882,4249.726953430163
T01883,4267.417551024993
T01884,4235.759647773822
T01885,4259.806756211613
T01886,4241.017494658201
T01887,4254.07771155882
T01888,4264.818112823686
T01889,4272.461505199975
T01890,4278.210756962173
T01891,4254.162703393276
T01892,4264.16868014377
T01893,4255.187329886159
T01894,4270.544724586925
T01895,4264.644017879159
T01896,4250.349548904222
T01897,4238.705815772952
T01898,4254.191968969568
T01899,4255.087801237621
T01900,4259.315918066785
T01901,4249.386946795483
T01902,4247.5410652975825
T01903,4256.984658498814
T01904,4256.34574904438
T01905,4274.925544172997
T01906,4228.634362519197
T01907,4269.913658421354
T01908,4246.880481705266
T01909,4259.904259591308
T01910,4259.8063712390785
T01911,4234.773886502056
T01912,4252.887129227214
T01913,4241.6083600302945
T01914,4262.092070100055
T01915,4270.675469401943
T01916,4266.902309728281
T01917,4255.340910716706
T01918,4250.450622357877
T01919,4262.064085332198
T01920,4271.132472929739
T01921,4259.414308699442
T01922,4243.56762521275
T01923,4279.977429831435
T01924,4264.375964973003
T01925,4261.00787178425
T01926,4251.465085028774
T01927,4234.899753982637
T01928,4241.976225968555
T01929,4249.837180125895
T01930,4247.474563303109
T01931,4248.1492373365245
T01932,4245.686160920687
T01933,4249.140348465675
T01934,4243.504998496477
T01935,4252.139063532316
T01936,4259.644279705392
T01937,4251.751716567726
T01938,4258.436467824986
T01939,4250.73815578527
T01940,4268.503942166869
T01941,4265.413319298288
T01942,4257.292921010887
T01943,4257.01928184006
T01944,4257.132356417963
T01945,4244.829179422839
T01946,4277.927666382203
T01947,4246.18390252117
T01948,4259.758667295714
T01949,4246.183300787811
T01950,4251.394939168802
T01951,4243.38216148506
T01952,4272.917900827567
T01953,4239.820270056839
T01954,4265.9325331123155
T01955,4263.5013043580475
T01956,4258.304202928888
T01957,4248.935825595358
T01958,4246.484234112197
T01959,4269.012508657638
T01960,4262.929542258325
T01961,4248.279799218548
T01962,4270.434793004881
T01963,4267.495531761708
T01964,4249.324787824954
T01965,4257.2127810045295
T01966,4269.435522410745
T01967,4250.475344019646
T01968,4261.182843769002
T01969,4256.911062408919
T01970,4227.610159591585
T01971,4249.884455479315
T01972,4249.406716422751
T01973,4251.762138954442
T01974,4234.397722337211
T01975,4258.425382393929
T01976,4278.879598530762
T01977,4253.598038501883
T01978,4264.226395099825
T01979,4239.37912738406
T01980,4239.685430753149
T01981,4273.599980054232
T01982,4278.7238802893
T01983,4255.548107021456
T01984,4279.622078421922
T01985,4260.025033473009
T01986,4244.114241027142
T01987,4261.999300823511
T01988,4252.580194168459
T01989,4241.970084699406
T01990,4250.46973017775
T01991,4248.789782959555
T01992,4263.89668105539
T01993,4255.979409567361
T01994,4264.48462597036
T01995,4279.049469597068
T01996,4266.302783724276
T01997,4267.574459648646
T01998,4246.446106037371
T01999,4236.275365273877
T02000,4269.510266989773
